Timepoint,SG,Temp (Â°C)
12/31/2024 15:42:49,1.001,22.8
12/31/2024 0:11:16,1.002,22.8
12/30/2024 22:26:43,1.002,22.8
12/30/2024 22:11:40,1.002,22.8
12/30/2024 21:56:36,1.002,22.8
12/30/2024 21:41:36,1.002,22.8
12/30/2024 20:47:50,1.002,22.8
12/30/2024 13:08:24,1.002,21.7
12/30/2024 0:10:50,1.002,22.8
12/29/2024 23:41:44,1.002,22.8
12/29/2024 21:11:40,1.002,22.8
12/29/2024 20:56:39,1.002,22.8
12/29/2024 20:41:39,1.001,22.8
12/29/2024 20:26:39,1.002,22.8
12/29/2024 20:11:37,1.002,22.8
12/29/2024 19:54:26,1.001,22.8
12/29/2024 19:39:26,1.002,22.2
12/29/2024 19:24:25,1.002,22.2
12/29/2024 19:09:25,1.002,22.2
12/29/2024 18:54:25,1.002,22.2
12/29/2024 18:39:25,1.002,22.2
12/29/2024 18:24:24,1.001,22.2
12/29/2024 18:09:24,1.002,22.2
12/29/2024 17:54:24,1.002,22.2
12/29/2024 17:39:24,1.002,22.2
12/29/2024 17:24:24,1.002,22.2
12/29/2024 17:09:23,1.001,22.2
12/29/2024 16:54:23,1.002,22.2
12/29/2024 16:39:23,1.002,22.2
12/29/2024 16:24:22,1.002,22.2
12/29/2024 16:09:21,1.002,22.2
12/29/2024 15:54:21,1.001,22.2
12/29/2024 15:39:21,1.001,22.2
12/29/2024 15:24:19,1.002,22.2
12/29/2024 15:09:19,1.002,22.2
12/29/2024 14:54:19,1.002,22.2
12/29/2024 14:39:18,1.001,22.2
12/29/2024 14:24:16,1.002,22.8
12/29/2024 14:09:17,1.001,22.2
12/29/2024 13:54:16,1.002,22.2
12/29/2024 13:39:14,1.002,22.2
12/29/2024 13:24:15,1.002,22.2
12/29/2024 13:09:14,1.002,22.2
12/29/2024 12:54:14,1.002,22.2
12/29/2024 12:39:13,1.002,22.2
12/29/2024 12:24:12,1.002,22.2
12/29/2024 12:09:12,1.002,22.2
12/29/2024 11:54:11,1.002,22.2
12/29/2024 11:39:10,1.002,22.2
12/29/2024 11:24:10,1.002,22.2
12/29/2024 11:09:10,1.002,22.2
12/29/2024 10:54:09,1.002,22.2
12/29/2024 10:39:09,1.002,22.2
12/29/2024 10:24:08,1.002,22.2
12/29/2024 10:09:07,1.002,22.2
12/29/2024 9:54:07,1.002,22.2
12/29/2024 9:39:07,1.002,22.2
12/29/2024 9:24:07,1.002,22.2
12/29/2024 9:09:06,1.002,22.2
12/29/2024 8:54:05,1.002,22.2
12/29/2024 8:39:03,1.002,22.2
12/29/2024 8:24:03,1.002,22.2
12/29/2024 8:09:03,1.002,22.2
12/29/2024 7:54:03,1.001,22.2
12/29/2024 7:39:02,1.002,22.2
12/29/2024 7:24:01,1.002,22.2
12/29/2024 7:09:01,1.001,22.2
12/29/2024 6:54:00,1.002,22.2
12/29/2024 6:38:59,1.002,22.2
12/29/2024 6:23:59,1.002,22.8
12/29/2024 6:08:58,1.002,22.8
12/29/2024 5:53:57,1.001,22.8
12/29/2024 5:38:57,1.001,22.8
12/29/2024 5:23:56,1.002,22.8
12/29/2024 5:08:56,1.002,22.8
12/29/2024 4:53:55,1.002,22.8
12/29/2024 4:38:54,1.002,22.8
12/29/2024 4:23:52,1.002,22.8
12/29/2024 4:08:53,1.002,22.8
12/29/2024 3:53:52,1.002,22.8
12/29/2024 3:38:51,1.001,22.8
12/29/2024 3:23:51,1.002,22.8
12/29/2024 3:08:49,1.002,22.8
12/29/2024 2:53:50,1.002,22.8
12/29/2024 2:38:50,1.002,22.8
12/29/2024 2:23:49,1.002,22.8
12/29/2024 2:08:48,1.002,22.8
12/29/2024 1:53:48,1.002,22.8
12/29/2024 1:38:47,1.001,22.8
12/29/2024 1:23:47,1.002,22.8
12/29/2024 1:08:46,1.002,22.8
12/29/2024 0:53:45,1.002,22.8
12/29/2024 0:38:45,1.002,22.8
12/29/2024 0:23:45,1.002,22.8
12/29/2024 0:08:44,1.001,22.8
12/28/2024 23:53:44,1.002,22.8
12/28/2024 23:38:44,1.002,22.8
12/28/2024 23:23:43,1.002,22.8
12/28/2024 23:08:43,1.002,22.8
12/28/2024 22:53:42,1.002,22.8
12/28/2024 22:38:42,1.002,22.8
12/28/2024 22:23:40,1.002,22.8
12/28/2024 22:08:41,1.001,22.8
12/28/2024 21:53:41,1.002,22.8
12/28/2024 21:38:40,1.002,22.8
12/28/2024 21:23:40,1.002,22.8
12/28/2024 21:08:40,1.002,22.8
12/28/2024 20:53:40,1.002,22.8
12/28/2024 20:38:40,1.001,22.8
12/28/2024 20:23:40,1.001,22.8
12/28/2024 20:08:39,1.002,22.8
12/28/2024 19:53:39,1.001,22.8
12/28/2024 19:38:38,1.002,23.3
12/28/2024 19:23:38,1.002,23.3
12/28/2024 19:08:37,1.002,23.3
12/28/2024 18:53:37,1.002,23.3
12/28/2024 18:38:36,1.002,23.3
12/28/2024 18:23:35,1.002,23.3
12/28/2024 18:08:35,1.002,23.3
12/28/2024 17:53:34,1.002,23.3
12/28/2024 17:38:33,1.002,23.3
12/28/2024 17:23:33,1.002,23.3
12/28/2024 17:08:32,1.002,23.3
12/28/2024 16:53:31,1.001,23.3
12/28/2024 16:38:31,1.002,23.3
12/28/2024 16:23:30,1.002,23.3
12/28/2024 16:08:30,1.002,23.3
12/28/2024 15:53:28,1.002,23.3
12/28/2024 15:38:28,1.002,22.8
12/28/2024 15:23:28,1.002,22.8
12/28/2024 15:08:28,1.002,22.8
12/28/2024 14:53:27,1.002,22.8
12/28/2024 14:38:25,1.002,22.8
12/28/2024 14:23:25,1.002,22.8
12/28/2024 14:08:25,1.002,22.8
12/28/2024 13:53:24,1.002,22.8
12/28/2024 13:38:24,1.002,22.2
12/28/2024 13:23:24,1.002,22.2
12/28/2024 13:08:24,1.002,22.2
12/28/2024 12:53:23,1.002,22.2
12/28/2024 12:38:23,1.002,22.2
12/28/2024 12:23:22,1.002,22.2
12/28/2024 12:08:22,1.002,22.2
12/28/2024 11:53:21,1.001,22.2
12/28/2024 11:38:21,1.001,22.2
12/28/2024 11:23:21,1.002,22.2
12/28/2024 11:08:20,1.002,22.2
12/28/2024 10:53:20,1.002,22.2
12/28/2024 10:38:20,1.002,22.2
12/28/2024 10:23:19,1.001,22.8
12/28/2024 10:08:19,1.002,22.8
12/28/2024 9:53:18,1.002,22.8
12/28/2024 9:38:17,1.002,22.8
12/28/2024 9:23:17,1.002,22.8
12/28/2024 9:08:17,1.002,22.8
12/28/2024 8:53:16,1.002,22.8
12/28/2024 8:38:16,1.002,22.8
12/28/2024 8:23:15,1.002,22.8
12/28/2024 8:08:15,1.002,22.8
12/28/2024 7:53:14,1.002,22.8
12/28/2024 7:38:14,1.002,22.8
12/28/2024 7:23:13,1.002,22.8
12/28/2024 7:08:13,1.002,22.8
12/28/2024 6:53:13,1.002,22.8
12/28/2024 6:38:12,1.002,22.8
12/28/2024 6:23:12,1.002,23.3
12/28/2024 6:08:11,1.002,23.3
12/28/2024 5:53:11,1.002,23.3
12/28/2024 5:38:11,1.002,23.3
12/28/2024 5:23:10,1.002,23.3
12/28/2024 5:08:09,1.002,23.3
12/28/2024 4:53:08,1.002,23.3
12/28/2024 4:38:08,1.002,23.9
12/28/2024 4:23:08,1.002,23.9
12/28/2024 4:08:06,1.002,23.9
12/28/2024 3:53:07,1.002,23.9
12/28/2024 3:38:07,1.002,23.9
12/28/2024 3:23:06,1.002,23.9
12/28/2024 3:08:05,1.002,23.9
12/28/2024 2:53:05,1.002,23.9
12/28/2024 2:38:04,1.002,23.9
12/28/2024 2:23:04,1.002,23.9
12/28/2024 2:08:04,1.002,23.9
12/28/2024 1:53:03,1.002,23.9
12/28/2024 1:38:02,1.002,23.9
12/28/2024 1:23:01,1.002,23.9
12/28/2024 1:08:01,1.002,23.9
12/28/2024 0:53:00,1.002,23.9
12/28/2024 0:37:59,1.001,23.9
12/28/2024 0:22:59,1.002,23.9
12/28/2024 0:07:59,1.002,23.3
12/27/2024 23:52:58,1.002,23.3
12/27/2024 23:37:58,1.002,23.3
12/27/2024 23:22:57,1.002,23.3
12/27/2024 23:07:57,1.002,23.3
12/27/2024 22:52:56,1.002,23.3
12/27/2024 22:37:56,1.002,23.3
12/27/2024 22:22:55,1.002,23.3
12/27/2024 22:07:56,1.002,23.3
12/27/2024 21:52:55,1.002,23.3
12/27/2024 21:37:55,1.002,23.3
12/27/2024 21:22:55,1.002,23.3
12/27/2024 21:07:55,1.002,23.3
12/27/2024 20:52:54,1.002,23.3
12/27/2024 20:37:54,1.002,23.3
12/27/2024 20:22:53,1.002,23.3
12/27/2024 20:07:53,1.002,23.3
12/27/2024 19:52:53,1.002,23.3
12/27/2024 19:37:51,1.002,22.8
12/27/2024 19:22:51,1.002,22.8
12/27/2024 19:07:51,1.002,22.8
12/27/2024 18:52:50,1.002,22.8
12/27/2024 18:37:50,1.002,22.8
12/27/2024 18:22:49,1.002,22.8
12/27/2024 18:07:48,1.002,22.8
12/27/2024 17:52:48,1.002,22.8
12/27/2024 17:37:47,1.002,22.8
12/27/2024 17:22:46,1.002,22.8
12/27/2024 17:07:46,1.002,22.8
12/27/2024 16:52:45,1.002,22.8
12/27/2024 16:37:44,1.002,22.8
12/27/2024 16:22:44,1.002,23.3
12/27/2024 16:07:44,1.002,23.3
12/27/2024 15:52:44,1.002,23.3
12/27/2024 15:37:44,1.002,23.3
12/27/2024 15:22:44,1.002,23.3
12/27/2024 15:07:43,1.002,23.3
12/27/2024 14:52:43,1.002,23.3
12/27/2024 14:37:43,1.002,23.3
12/27/2024 14:22:42,1.002,23.3
12/27/2024 14:07:41,1.002,23.3
12/27/2024 13:52:41,1.002,23.3
12/27/2024 13:37:40,1.002,23.3
12/27/2024 13:22:40,1.002,23.9
12/27/2024 13:07:39,1.002,23.9
12/27/2024 12:52:39,1.002,23.9
12/27/2024 12:37:38,1.002,23.9
12/27/2024 12:22:38,1.002,23.9
12/27/2024 12:07:37,1.002,23.9
12/27/2024 11:52:37,1.002,23.9
12/27/2024 11:37:36,1.002,23.9
12/27/2024 11:22:36,1.002,23.9
12/27/2024 11:07:35,1.002,23.9
12/27/2024 10:52:34,1.002,23.9
12/27/2024 10:37:34,1.002,23.9
12/27/2024 10:22:34,1.002,23.9
12/27/2024 10:07:32,1.002,23.9
12/27/2024 9:52:33,1.002,23.9
12/27/2024 9:37:32,1.002,23.9
12/27/2024 9:22:31,1.002,23.9
12/27/2024 9:07:32,1.002,23.9
12/27/2024 8:52:31,1.002,23.9
12/27/2024 8:37:31,1.002,23.3
12/27/2024 8:22:31,1.002,23.9
12/27/2024 8:07:31,1.002,23.3
12/27/2024 7:52:30,1.002,23.9
12/27/2024 7:37:30,1.002,23.9
12/27/2024 7:22:29,1.002,23.3
12/27/2024 7:07:29,1.002,23.3
12/27/2024 6:52:28,1.002,23.3
12/27/2024 6:37:27,1.002,23.3
12/27/2024 6:22:27,1.002,23.3
12/27/2024 6:07:26,1.002,23.3
12/27/2024 5:52:26,1.002,23.3
12/27/2024 5:37:25,1.002,23.3
12/27/2024 5:22:25,1.002,23.3
12/27/2024 5:07:24,1.002,23.3
12/27/2024 4:52:23,1.002,23.3
12/27/2024 4:37:22,1.002,23.3
12/27/2024 4:22:22,1.002,23.3
12/27/2024 4:07:21,1.002,23.3
12/27/2024 3:52:22,1.002,23.3
12/27/2024 3:37:21,1.002,23.3
12/27/2024 3:22:21,1.002,23.3
12/27/2024 3:07:20,1.002,23.3
12/27/2024 2:52:19,1.002,23.3
12/27/2024 2:37:18,1.002,23.3
12/27/2024 2:22:16,1.002,23.3
12/27/2024 2:07:17,1.002,23.3
12/27/2024 1:52:16,1.002,23.3
12/27/2024 1:37:16,1.002,23.3
12/27/2024 1:22:16,1.002,23.3
12/27/2024 1:07:14,1.002,23.3
12/27/2024 0:52:15,1.002,23.3
12/27/2024 0:37:14,1.002,23.9
12/27/2024 0:22:14,1.002,23.9
12/27/2024 0:05:14,1.002,23.9
12/26/2024 23:50:14,1.002,23.9
12/26/2024 23:35:13,1.002,23.9
12/26/2024 23:20:13,1.002,23.9
12/26/2024 23:05:12,1.002,23.9
12/26/2024 22:50:12,1.002,23.9
12/26/2024 21:19:22,1.002,23.9
12/26/2024 19:22:48,1.002,23.9
12/26/2024 19:07:47,1.002,23.9
12/26/2024 18:52:40,1.002,23.9
12/26/2024 18:37:11,1.002,23.9
12/26/2024 18:22:04,1.002,23.9
12/26/2024 18:07:00,1.002,23.9
12/26/2024 17:50:45,1.002,23.9
12/26/2024 17:34:33,1.002,23.9
12/26/2024 17:19:37,1.002,23.9
12/26/2024 17:04:37,1.002,23.9
12/26/2024 16:48:41,1.002,23.9
12/26/2024 16:33:41,1.002,23.9
12/26/2024 16:17:46,1.002,23.9
12/26/2024 16:02:48,1.002,23.9
12/26/2024 15:45:22,1.002,23.9
12/26/2024 15:27:40,1.002,23.9
12/26/2024 15:04:33,1.002,23.9
12/26/2024 14:47:36,1.002,23.9
12/26/2024 14:18:15,1.003,23.9
12/26/2024 14:01:52,1.002,24.4
12/26/2024 13:46:54,1.003,24.4
12/26/2024 13:22:36,1.002,23.9
12/26/2024 13:07:35,1.002,23.9
12/26/2024 12:52:34,1.002,23.9
12/26/2024 12:37:34,1.002,23.9
12/26/2024 12:22:34,1.002,23.9
12/26/2024 12:07:33,1.002,23.9
12/26/2024 11:52:32,1.002,23.9
12/26/2024 11:37:32,1.002,23.9
12/26/2024 11:22:31,1.003,23.9
12/26/2024 11:07:29,1.002,23.9
12/26/2024 10:52:30,1.002,23.9
12/26/2024 10:37:30,1.002,23.9
12/26/2024 10:22:29,1.002,23.9
12/26/2024 10:07:28,1.002,23.9
12/26/2024 9:52:28,1.002,23.9
12/26/2024 9:37:27,1.002,23.9
12/26/2024 9:22:26,1.002,23.9
12/26/2024 9:07:26,1.002,23.9
12/26/2024 8:52:25,1.003,23.9
12/26/2024 8:37:25,1.002,23.9
12/26/2024 8:22:25,1.002,23.9
12/26/2024 8:07:25,1.002,23.9
12/26/2024 7:52:24,1.002,23.9
12/26/2024 7:37:24,1.002,23.9
12/26/2024 7:22:23,1.003,23.9
12/26/2024 7:07:23,1.002,23.9
12/26/2024 6:52:22,1.002,23.9
12/26/2024 6:37:22,1.002,23.9
12/26/2024 6:22:21,1.002,23.9
12/26/2024 6:07:20,1.002,23.3
12/26/2024 5:52:19,1.002,23.9
12/26/2024 5:37:19,1.002,23.3
12/26/2024 5:22:18,1.002,23.3
12/26/2024 5:07:18,1.002,23.3
12/26/2024 4:52:17,1.002,23.3
12/26/2024 4:37:16,1.002,23.3
12/26/2024 4:22:16,1.002,23.3
12/26/2024 4:07:15,1.002,23.3
12/26/2024 3:52:15,1.002,23.3
12/26/2024 3:37:15,1.002,23.3
12/26/2024 3:22:14,1.002,23.3
12/26/2024 3:07:14,1.002,23.3
12/26/2024 2:46:49,1.002,23.3
12/26/2024 2:31:48,1.002,23.3
12/26/2024 2:16:47,1.002,23.3
12/26/2024 2:01:46,1.003,23.3
12/26/2024 1:46:45,1.002,23.3
12/26/2024 1:31:43,1.002,23.3
12/26/2024 1:16:46,1.002,23.3
12/26/2024 1:01:46,1.002,23.3
12/26/2024 0:46:45,1.002,23.3
12/26/2024 0:31:44,1.002,23.3
12/26/2024 0:16:44,1.002,23.3
12/26/2024 0:01:43,1.002,23.3
12/25/2024 23:42:14,1.002,23.3
12/25/2024 23:26:07,1.002,23.3
12/25/2024 23:11:06,1.003,23.3
12/25/2024 22:48:36,1.002,23.3
12/25/2024 22:32:26,1.002,23.3
12/25/2024 22:17:24,1.002,23.3
12/25/2024 22:00:13,1.003,23.3
12/25/2024 21:34:16,1.002,23.3
12/25/2024 21:19:16,1.002,23.3
12/25/2024 21:03:25,1.002,23.9
12/25/2024 20:48:25,1.002,23.9
12/25/2024 20:33:24,1.003,23.9
12/25/2024 20:18:24,1.002,23.9
12/25/2024 20:03:23,1.002,23.9
12/25/2024 19:48:22,1.002,23.9
12/25/2024 19:33:20,1.002,23.9
12/25/2024 19:18:21,1.002,23.9
12/25/2024 19:03:21,1.002,23.9
12/25/2024 18:48:20,1.003,23.9
12/25/2024 18:33:20,1.002,23.9
12/25/2024 18:18:19,1.003,23.9
12/25/2024 18:03:19,1.003,23.9
12/25/2024 17:48:18,1.003,23.9
12/25/2024 17:33:18,1.002,23.9
12/25/2024 17:18:17,1.003,23.9
12/25/2024 17:03:16,1.002,23.9
12/25/2024 16:48:16,1.003,23.9
12/25/2024 16:33:15,1.002,23.9
12/25/2024 16:18:15,1.002,23.9
12/25/2024 16:03:14,1.002,23.9
12/25/2024 15:48:13,1.002,23.9
12/25/2024 15:33:12,1.002,23.9
12/25/2024 15:18:12,1.003,23.9
12/25/2024 15:03:11,1.002,23.9
12/25/2024 14:48:10,1.002,23.9
12/25/2024 14:33:10,1.002,23.9
12/25/2024 14:18:10,1.002,23.9
12/25/2024 14:03:10,1.002,23.9
12/25/2024 13:48:08,1.002,23.9
12/25/2024 13:33:09,1.002,23.9
12/25/2024 13:18:08,1.003,23.9
12/25/2024 13:03:08,1.003,23.9
12/25/2024 12:48:08,1.002,23.9
12/25/2024 12:33:07,1.003,23.9
12/25/2024 12:18:07,1.003,23.9
12/25/2024 12:03:07,1.002,23.3
12/25/2024 11:48:06,1.002,23.3
12/25/2024 11:33:05,1.002,23.3
12/25/2024 11:18:04,1.002,23.3
12/25/2024 11:03:04,1.002,23.3
12/25/2024 10:48:00,1.002,23.3
12/25/2024 10:33:01,1.002,23.3
12/25/2024 10:18:00,1.003,23.3
12/25/2024 10:02:59,1.002,23.3
12/25/2024 9:47:59,1.002,23.3
12/25/2024 9:32:58,1.002,23.3
12/25/2024 9:17:58,1.003,23.3
12/25/2024 9:02:57,1.002,23.3
12/25/2024 8:47:57,1.003,23.3
12/25/2024 8:32:56,1.003,23.3
12/25/2024 8:17:55,1.002,23.3
12/25/2024 8:02:55,1.003,23.3
12/25/2024 7:47:54,1.003,23.3
12/25/2024 7:32:54,1.002,23.3
12/25/2024 7:17:53,1.002,23.3
12/25/2024 7:02:51,1.003,23.3
12/25/2024 6:47:51,1.003,23.3
12/25/2024 6:32:50,1.003,23.3
12/25/2024 6:17:50,1.003,23.3
12/25/2024 6:02:49,1.002,23.3
12/25/2024 5:47:49,1.003,23.3
12/25/2024 5:32:48,1.002,23.3
12/25/2024 5:17:48,1.003,23.3
12/25/2024 5:02:47,1.002,23.3
12/25/2024 4:47:47,1.003,23.3
12/25/2024 4:32:46,1.002,22.8
12/25/2024 4:17:46,1.002,22.8
12/25/2024 4:02:46,1.003,22.8
12/25/2024 3:47:45,1.003,22.8
12/25/2024 3:32:45,1.002,22.8
12/25/2024 3:17:44,1.003,22.8
12/25/2024 3:02:45,1.003,22.8
12/25/2024 2:47:44,1.002,22.8
12/25/2024 2:32:44,1.003,22.8
12/25/2024 2:17:44,1.003,22.8
12/25/2024 1:47:43,1.002,22.8
12/25/2024 1:32:42,1.003,22.8
12/25/2024 1:17:41,1.003,22.8
12/25/2024 1:02:41,1.003,22.8
12/25/2024 0:47:39,1.003,22.8
12/25/2024 0:32:39,1.002,22.8
12/25/2024 0:17:38,1.003,22.8
12/25/2024 0:02:38,1.003,22.8
12/24/2024 23:47:38,1.003,22.8
12/24/2024 23:32:37,1.003,22.8
12/24/2024 23:17:36,1.003,22.8
12/24/2024 23:02:36,1.002,22.8
12/24/2024 22:47:35,1.003,22.8
12/24/2024 22:32:35,1.003,22.8
12/24/2024 22:17:35,1.003,22.8
12/24/2024 22:02:34,1.003,22.8
12/24/2024 21:47:33,1.003,22.8
12/24/2024 21:32:32,1.003,22.8
12/24/2024 21:17:32,1.002,22.8
12/24/2024 21:02:31,1.003,22.8
12/24/2024 20:47:31,1.002,22.8
12/24/2024 20:32:31,1.002,22.8
12/24/2024 20:17:30,1.002,23.3
12/24/2024 20:02:29,1.002,23.3
12/24/2024 19:47:29,1.003,23.3
12/24/2024 19:32:28,1.002,23.3
12/24/2024 19:17:27,1.003,23.3
12/24/2024 19:02:27,1.002,23.3
12/24/2024 18:47:26,1.003,22.8
12/24/2024 18:32:26,1.003,22.8
12/24/2024 18:17:26,1.003,22.8
12/24/2024 18:02:25,1.003,22.8
12/24/2024 17:47:25,1.002,22.8
12/24/2024 17:32:23,1.002,22.8
12/24/2024 17:17:23,1.003,22.8
12/24/2024 17:02:22,1.002,22.8
12/24/2024 16:47:22,1.003,22.8
12/24/2024 16:32:21,1.003,22.8
12/24/2024 16:17:22,1.002,22.8
12/24/2024 16:02:22,1.003,22.8
12/24/2024 15:47:22,1.003,22.8
12/24/2024 15:32:21,1.002,22.2
12/24/2024 15:17:21,1.003,22.2
12/24/2024 15:02:20,1.003,22.2
12/24/2024 14:47:19,1.003,22.2
12/24/2024 14:32:19,1.003,22.2
12/24/2024 14:17:19,1.003,22.2
12/24/2024 14:02:18,1.003,22.2
12/24/2024 13:47:18,1.003,22.2
12/24/2024 13:32:17,1.003,22.2
12/24/2024 13:17:15,1.003,22.2
12/24/2024 13:02:15,1.003,22.2
12/24/2024 12:47:15,1.003,22.2
12/24/2024 12:32:15,1.003,22.2
12/24/2024 12:17:14,1.003,22.2
12/24/2024 12:02:14,1.003,22.2
12/24/2024 11:47:13,1.003,22.2
12/24/2024 11:32:12,1.003,22.2
12/24/2024 11:17:11,1.003,22.2
12/24/2024 11:02:11,1.003,22.2
12/24/2024 10:47:10,1.003,22.2
12/24/2024 10:32:11,1.003,22.2
12/24/2024 10:17:10,1.003,22.2
12/24/2024 10:02:10,1.003,22.2
12/24/2024 9:47:10,1.003,22.2
12/24/2024 9:32:09,1.003,22.2
12/24/2024 9:17:08,1.003,22.2
12/24/2024 9:02:07,1.003,22.2
12/24/2024 8:47:07,1.003,22.2
12/24/2024 8:32:08,1.003,22.2
12/24/2024 8:17:07,1.003,22.2
12/24/2024 8:02:07,1.003,22.2
12/24/2024 7:47:06,1.003,22.8
12/24/2024 7:32:05,1.003,22.8
12/24/2024 7:17:05,1.003,22.8
12/24/2024 7:02:04,1.003,22.8
12/24/2024 6:47:03,1.003,22.8
12/24/2024 6:32:03,1.003,22.8
12/24/2024 6:17:01,1.003,22.8
12/24/2024 5:47:01,1.003,22.8
12/24/2024 5:32:01,1.003,22.8
12/24/2024 5:17:00,1.003,22.8
12/24/2024 5:02:00,1.003,22.8
12/24/2024 4:46:59,1.003,22.8
12/24/2024 4:31:58,1.003,22.8
12/24/2024 4:16:58,1.003,22.8
12/24/2024 4:01:57,1.003,22.8
12/24/2024 3:46:56,1.003,22.8
12/24/2024 3:31:56,1.003,22.8
12/24/2024 3:16:55,1.003,22.8
12/24/2024 3:01:54,1.003,22.8
12/24/2024 2:46:54,1.003,22.8
12/24/2024 2:31:54,1.003,22.8
12/24/2024 2:16:53,1.003,22.8
12/24/2024 2:01:52,1.003,22.8
12/24/2024 1:46:52,1.003,23.3
12/24/2024 1:31:52,1.003,23.3
12/24/2024 1:16:51,1.003,23.3
12/24/2024 1:01:51,1.003,23.3
12/24/2024 0:46:49,1.003,23.3
12/24/2024 0:31:49,1.003,23.3
12/24/2024 0:16:49,1.003,23.3
12/24/2024 0:01:49,1.003,23.3
12/23/2024 23:46:48,1.003,23.3
12/23/2024 23:31:47,1.003,23.9
12/23/2024 23:16:47,1.003,23.9
12/23/2024 23:01:46,1.004,23.9
12/23/2024 22:46:46,1.004,23.9
12/23/2024 22:31:44,1.003,23.9
12/23/2024 22:16:45,1.004,23.9
12/23/2024 22:01:44,1.003,23.9
12/23/2024 21:46:44,1.004,23.9
12/23/2024 21:31:44,1.004,23.9
12/23/2024 21:16:44,1.003,23.9
12/23/2024 21:01:43,1.004,23.9
12/23/2024 20:46:41,1.004,23.9
12/23/2024 20:31:42,1.004,23.9
12/23/2024 20:16:42,1.004,23.9
12/23/2024 20:01:41,1.004,23.9
12/23/2024 19:46:41,1.004,23.9
12/23/2024 19:31:40,1.003,23.9
12/23/2024 19:16:40,1.003,23.9
12/23/2024 19:01:40,1.004,23.9
12/23/2024 18:46:39,1.003,23.9
12/23/2024 18:31:38,1.003,23.9
12/23/2024 18:16:38,1.004,23.9
12/23/2024 18:01:38,1.003,23.9
12/23/2024 17:46:38,1.004,23.9
12/23/2024 17:31:37,1.004,23.9
12/23/2024 17:16:37,1.004,23.9
12/23/2024 17:01:36,1.004,23.9
12/23/2024 16:46:36,1.004,23.9
12/23/2024 16:31:36,1.004,23.3
12/23/2024 16:16:34,1.004,23.3
12/23/2024 16:01:34,1.004,23.3
12/23/2024 15:46:34,1.004,23.3
12/23/2024 15:31:33,1.004,23.3
12/23/2024 15:16:33,1.004,23.3
12/23/2024 15:01:32,1.004,23.3
12/23/2024 14:46:31,1.004,23.3
12/23/2024 14:31:31,1.004,23.3
12/23/2024 14:16:31,1.004,23.3
12/23/2024 14:01:29,1.004,23.9
12/23/2024 13:46:30,1.004,23.9
12/23/2024 13:31:30,1.004,23.9
12/23/2024 13:16:30,1.004,23.9
12/23/2024 13:01:30,1.004,23.9
12/23/2024 12:46:29,1.004,23.9
12/23/2024 12:31:27,1.004,23.9
12/23/2024 12:16:28,1.004,23.9
12/23/2024 12:01:27,1.004,23.9
12/23/2024 11:46:27,1.004,23.9
12/23/2024 11:31:26,1.004,23.9
12/23/2024 11:16:26,1.004,23.9
12/23/2024 11:01:26,1.004,23.9
12/23/2024 10:46:25,1.004,23.9
12/23/2024 10:31:24,1.004,23.9
12/23/2024 10:16:24,1.004,23.9
12/23/2024 10:01:24,1.004,23.9
12/23/2024 9:46:22,1.004,23.9
12/23/2024 9:31:23,1.004,23.9
12/23/2024 9:16:22,1.004,23.9
12/23/2024 9:01:21,1.004,23.9
12/23/2024 8:46:21,1.004,23.9
12/23/2024 8:31:21,1.004,23.9
12/23/2024 8:16:19,1.004,23.9
12/23/2024 8:01:20,1.004,23.9
12/23/2024 7:46:19,1.004,23.9
12/23/2024 7:31:19,1.004,23.9
12/23/2024 7:16:18,1.004,23.9
12/23/2024 7:01:18,1.004,23.9
12/23/2024 6:46:17,1.004,23.9
12/23/2024 6:31:17,1.004,23.9
12/23/2024 6:16:17,1.004,23.9
12/23/2024 6:01:17,1.004,23.9
12/23/2024 5:46:16,1.004,23.9
12/23/2024 5:31:16,1.004,23.9
12/23/2024 5:16:16,1.004,23.9
12/23/2024 5:01:15,1.004,23.9
12/23/2024 4:46:15,1.004,23.9
12/23/2024 4:31:14,1.004,23.9
12/23/2024 4:16:14,1.004,23.9
12/23/2024 4:01:13,1.004,23.9
12/23/2024 3:46:12,1.004,23.9
12/23/2024 3:31:12,1.004,23.9
12/23/2024 3:16:10,1.004,23.9
12/23/2024 3:01:10,1.004,23.9
12/23/2024 2:46:10,1.004,23.9
12/23/2024 2:31:10,1.004,23.9
12/23/2024 2:16:09,1.004,23.9
12/23/2024 2:01:09,1.004,23.9
12/23/2024 1:46:08,1.004,23.9
12/23/2024 1:31:07,1.004,23.9
12/23/2024 1:16:06,1.004,23.9
12/23/2024 1:01:06,1.004,23.9
12/23/2024 0:46:05,1.004,23.9
12/23/2024 0:31:05,1.004,23.9
12/23/2024 0:16:04,1.004,23.9
12/23/2024 0:01:03,1.004,23.9
12/22/2024 23:46:03,1.004,23.9
12/22/2024 23:31:02,1.004,23.9
12/22/2024 23:16:02,1.004,23.9
12/22/2024 23:01:02,1.004,23.9
12/22/2024 22:46:01,1.004,23.9
12/22/2024 22:30:59,1.004,23.9
12/22/2024 22:15:59,1.004,23.9
12/22/2024 22:00:59,1.004,23.9
12/22/2024 21:45:59,1.004,23.9
12/22/2024 21:30:58,1.004,23.9
12/22/2024 21:15:57,1.004,23.9
12/22/2024 21:00:57,1.004,23.9
12/22/2024 20:45:56,1.004,23.9
12/22/2024 20:30:55,1.004,23.9
12/22/2024 20:15:54,1.004,23.9
12/22/2024 20:00:53,1.004,23.9
12/22/2024 19:45:53,1.004,23.9
12/22/2024 19:30:53,1.004,23.9
12/22/2024 19:15:52,1.004,23.9
12/22/2024 19:00:52,1.004,23.9
12/22/2024 18:45:51,1.004,23.9
12/22/2024 18:30:51,1.004,23.9
12/22/2024 18:15:50,1.004,23.9
12/22/2024 18:00:50,1.004,23.9
12/22/2024 17:45:49,1.004,23.9
12/22/2024 17:30:49,1.004,24.4
12/22/2024 17:15:47,1.005,24.4
12/22/2024 17:00:48,1.004,24.4
12/22/2024 16:45:47,1.004,24.4
12/22/2024 16:30:47,1.004,24.4
12/22/2024 16:15:46,1.004,24.4
12/22/2024 16:00:46,1.005,23.9
12/22/2024 15:45:46,1.005,23.9
12/22/2024 15:30:46,1.005,23.9
12/22/2024 15:15:44,1.005,23.9
12/22/2024 15:00:45,1.004,23.9
12/22/2024 14:45:44,1.004,23.9
12/22/2024 14:30:44,1.004,23.9
12/22/2024 14:15:43,1.004,23.9
12/22/2024 14:00:42,1.005,23.9
12/22/2024 13:45:42,1.005,23.9
12/22/2024 13:30:42,1.005,23.9
12/22/2024 13:15:42,1.005,23.9
12/22/2024 13:00:41,1.005,23.9
12/22/2024 12:45:41,1.005,23.9
12/22/2024 12:30:40,1.005,23.9
12/22/2024 12:15:39,1.005,23.9
12/22/2024 12:00:38,1.005,23.9
12/22/2024 11:45:38,1.005,23.3
12/22/2024 11:30:37,1.005,23.3
12/22/2024 11:15:38,1.006,23.3
12/22/2024 11:00:37,1.006,23.3
12/22/2024 10:45:37,1.006,23.3
12/22/2024 10:30:36,1.006,23.3
12/22/2024 10:15:35,1.005,23.3
12/22/2024 10:00:34,1.006,23.3
12/22/2024 9:45:34,1.006,23.3
12/22/2024 9:30:33,1.006,23.3
12/22/2024 9:15:33,1.006,23.3
12/22/2024 9:00:33,1.005,23.3
12/22/2024 8:45:33,1.005,23.3
12/22/2024 8:30:32,1.005,23.3
12/22/2024 8:15:32,1.005,23.3
12/22/2024 8:00:32,1.006,23.3
12/22/2024 7:45:31,1.005,23.3
12/22/2024 7:30:31,1.006,23.3
12/22/2024 7:15:30,1.005,23.3
12/22/2024 7:00:30,1.005,23.3
12/22/2024 6:45:30,1.005,23.3
12/22/2024 6:30:29,1.005,23.3
12/22/2024 6:15:29,1.005,23.3
12/22/2024 6:00:29,1.005,23.3
12/22/2024 5:45:28,1.005,23.3
12/22/2024 5:30:27,1.006,23.3
12/22/2024 5:15:26,1.006,23.3
12/22/2024 5:00:26,1.006,23.3
12/22/2024 4:45:25,1.006,23.3
12/22/2024 4:30:25,1.006,23.3
12/22/2024 4:15:23,1.006,23.3
12/22/2024 4:00:23,1.006,23.3
12/22/2024 3:45:22,1.006,23.3
12/22/2024 3:30:22,1.006,23.3
12/22/2024 3:15:22,1.006,23.3
12/22/2024 3:00:21,1.006,23.3
12/22/2024 2:45:21,1.006,23.3
12/22/2024 2:30:20,1.006,23.3
12/22/2024 2:15:17,1.006,23.3
12/22/2024 2:00:02,1.006,23.3
12/22/2024 1:45:02,1.006,23.9
12/22/2024 1:30:01,1.006,23.9
12/22/2024 1:15:00,1.006,23.9
12/22/2024 1:00:00,1.006,23.9
12/22/2024 0:44:59,1.007,23.9
12/22/2024 0:29:59,1.006,23.9
12/21/2024 23:40:28,1.006,23.9
12/21/2024 23:25:27,1.007,23.9
12/21/2024 23:10:27,1.007,23.9
12/21/2024 22:55:26,1.007,23.9
12/21/2024 22:40:26,1.007,23.9
12/21/2024 22:25:25,1.007,23.9
12/21/2024 22:10:25,1.007,23.9
12/21/2024 21:55:24,1.007,23.9
12/21/2024 21:40:24,1.007,23.9
12/21/2024 21:25:23,1.008,23.9
12/21/2024 21:10:23,1.007,23.9
12/21/2024 20:55:22,1.007,23.9
12/21/2024 20:40:22,1.008,23.9
12/21/2024 20:25:20,1.007,23.9
12/21/2024 20:10:20,1.007,23.9
12/21/2024 19:55:20,1.007,23.9
12/21/2024 19:40:19,1.007,23.9
12/21/2024 19:25:19,1.008,23.9
12/21/2024 19:10:19,1.007,23.9
12/21/2024 18:55:18,1.008,23.9
12/21/2024 18:40:18,1.007,23.9
12/21/2024 18:25:17,1.008,23.9
12/21/2024 18:10:16,1.008,23.9
12/21/2024 17:55:17,1.008,24.4
12/21/2024 17:40:17,1.008,24.4
12/21/2024 17:25:15,1.008,24.4
12/21/2024 17:10:14,1.008,24.4
12/21/2024 16:55:15,1.008,24.4
12/21/2024 16:40:14,1.008,24.4
12/21/2024 16:25:14,1.008,24.4
12/21/2024 16:10:13,1.009,24.4
12/21/2024 15:55:12,1.008,24.4
12/21/2024 15:40:11,1.009,24.4
12/21/2024 15:25:11,1.009,24.4
12/21/2024 15:10:10,1.008,24.4
12/21/2024 14:55:08,1.009,24.4
12/21/2024 14:40:09,1.009,24.4
12/21/2024 14:25:07,1.009,24.4
12/21/2024 14:10:07,1.009,24.4
12/21/2024 13:55:07,1.009,24.4
12/21/2024 13:40:07,1.009,24.4
12/21/2024 13:25:07,1.01,24.4
12/21/2024 13:10:07,1.009,24.4
12/21/2024 12:55:06,1.009,24.4
12/21/2024 12:40:06,1.009,24.4
12/21/2024 12:25:06,1.009,24.4
12/21/2024 12:10:05,1.009,24.4
12/21/2024 11:55:05,1.01,24.4
12/21/2024 11:40:05,1.01,24.4
12/21/2024 11:25:04,1.01,24.4
12/21/2024 11:10:04,1.01,24.4
12/21/2024 10:55:03,1.01,24.4
12/21/2024 10:40:02,1.01,24.4
12/21/2024 10:25:02,1.01,24.4
12/21/2024 10:10:01,1.01,24.4
12/21/2024 9:55:01,1.01,24.4
12/21/2024 9:40:01,1.01,24.4
12/21/2024 9:25:00,1.01,24.4
12/21/2024 9:10:00,1.011,24.4
12/21/2024 8:54:59,1.01,24.4
12/21/2024 8:39:59,1.011,23.9
12/21/2024 8:24:59,1.011,24.4
12/21/2024 8:09:59,1.011,23.9
12/21/2024 7:54:59,1.011,23.9
12/21/2024 7:39:58,1.011,23.9
12/21/2024 7:24:57,1.011,23.9
12/21/2024 7:09:57,1.011,23.9
12/21/2024 6:54:56,1.011,23.9
12/21/2024 6:39:56,1.011,23.9
12/21/2024 6:24:55,1.011,23.9
12/21/2024 6:09:54,1.011,23.9
12/21/2024 5:54:54,1.012,23.9
12/21/2024 5:39:52,1.012,23.9
12/21/2024 5:24:53,1.012,23.9
12/21/2024 5:09:53,1.012,23.9
12/21/2024 4:54:52,1.012,23.9
12/21/2024 4:39:51,1.012,23.9
12/21/2024 4:24:51,1.012,23.9
12/21/2024 4:09:51,1.012,23.9
12/21/2024 3:54:50,1.013,23.9
12/21/2024 3:39:49,1.012,23.9
12/21/2024 3:24:49,1.012,23.9
12/21/2024 3:09:49,1.013,23.9
12/21/2024 2:54:48,1.013,23.9
12/21/2024 2:39:47,1.013,23.9
12/21/2024 2:24:47,1.013,23.9
12/21/2024 2:09:46,1.013,23.9
12/21/2024 1:54:45,1.013,23.9
12/21/2024 1:39:45,1.013,23.3
12/21/2024 1:24:46,1.013,23.3
12/21/2024 1:09:46,1.013,23.3
12/21/2024 0:54:45,1.013,23.3
12/21/2024 0:39:44,1.013,23.3
12/21/2024 0:24:44,1.013,23.3
12/21/2024 0:09:44,1.014,23.3
12/20/2024 23:54:43,1.014,23.3
12/20/2024 23:39:43,1.013,23.9
12/20/2024 23:24:43,1.013,23.9
12/20/2024 23:09:42,1.014,23.3
12/20/2024 22:54:42,1.013,23.9
12/20/2024 22:39:41,1.014,23.9
12/20/2024 22:24:40,1.014,23.3
12/20/2024 22:09:39,1.014,23.3
12/20/2024 21:54:38,1.014,23.3
12/20/2024 21:39:38,1.014,23.3
12/20/2024 21:24:38,1.014,23.3
12/20/2024 21:09:36,1.014,23.3
12/20/2024 20:54:37,1.014,23.3
12/20/2024 20:39:37,1.014,23.3
12/20/2024 20:24:35,1.014,23.3
12/20/2024 20:09:35,1.014,23.3
12/20/2024 19:54:34,1.015,23.3
12/20/2024 19:39:34,1.015,23.3
12/20/2024 19:24:33,1.015,23.3
12/20/2024 19:09:33,1.015,23.3
12/20/2024 18:54:32,1.015,23.3
12/20/2024 18:39:31,1.015,23.3
12/20/2024 18:24:30,1.015,23.3
12/20/2024 18:09:31,1.015,23.3
12/20/2024 17:54:30,1.015,23.9
12/20/2024 17:39:30,1.015,23.9
12/20/2024 17:24:29,1.015,23.3
12/20/2024 17:09:28,1.016,23.9
12/20/2024 16:54:27,1.015,23.9
12/20/2024 16:39:27,1.016,23.9
12/20/2024 16:24:26,1.016,23.9
12/20/2024 16:09:26,1.016,23.9
12/20/2024 15:54:26,1.016,23.9
12/20/2024 15:39:25,1.016,23.9
12/20/2024 15:24:24,1.016,23.9
12/20/2024 15:09:24,1.016,23.9
12/20/2024 14:54:24,1.016,23.9
12/20/2024 14:39:23,1.017,23.9
12/20/2024 14:24:22,1.016,23.9
12/20/2024 14:09:21,1.017,23.9
12/20/2024 13:54:20,1.016,23.9
12/20/2024 13:39:21,1.016,24.4
12/20/2024 13:24:20,1.017,24.4
12/20/2024 13:09:19,1.017,24.4
12/20/2024 12:54:19,1.017,24.4
12/20/2024 12:39:18,1.017,24.4
12/20/2024 12:24:17,1.017,24.4
12/20/2024 12:09:17,1.017,24.4
12/20/2024 11:54:17,1.017,24.4
12/20/2024 11:39:17,1.017,24.4
12/20/2024 11:24:17,1.017,24.4
12/20/2024 11:09:16,1.018,24.4
12/20/2024 10:54:15,1.018,24.4
12/20/2024 10:39:15,1.018,24.4
12/20/2024 10:24:14,1.018,24.4
12/20/2024 10:09:14,1.018,24.4
12/20/2024 9:54:13,1.018,24.4
12/20/2024 9:39:12,1.018,24.4
12/20/2024 9:24:12,1.018,24.4
12/20/2024 9:09:11,1.019,24.4
12/20/2024 8:54:10,1.018,24.4
12/20/2024 8:39:10,1.018,24.4
12/20/2024 8:24:08,1.018,24.4
12/20/2024 8:09:08,1.018,24.4
12/20/2024 7:54:08,1.019,24.4
12/20/2024 7:39:08,1.019,24.4
12/20/2024 7:24:07,1.019,24.4
12/20/2024 7:09:06,1.019,24.4
12/20/2024 6:54:05,1.019,24.4
12/20/2024 6:39:05,1.02,24.4
12/20/2024 6:24:05,1.019,24.4
12/20/2024 6:09:05,1.02,24.4
12/20/2024 5:54:05,1.019,24.4
12/20/2024 5:39:05,1.02,23.9
12/20/2024 5:24:04,1.02,24.4
12/20/2024 5:09:02,1.02,23.9
12/20/2024 4:54:03,1.02,23.9
12/20/2024 4:39:03,1.02,23.9
12/20/2024 4:09:02,1.02,23.9
12/20/2024 3:54:00,1.021,23.9
12/20/2024 3:39:00,1.021,23.9
12/20/2024 3:24:00,1.021,23.9
12/20/2024 3:08:59,1.021,23.9
12/20/2024 2:53:58,1.021,23.9
12/20/2024 2:38:58,1.021,23.9
12/20/2024 2:23:58,1.021,23.9
12/20/2024 2:08:56,1.021,23.9
12/20/2024 1:53:56,1.021,23.9
12/20/2024 1:38:56,1.021,23.9
12/20/2024 1:23:52,1.021,23.9
12/20/2024 1:08:55,1.021,23.9
12/20/2024 0:53:54,1.021,23.9
12/20/2024 0:38:53,1.022,23.9
12/20/2024 0:23:53,1.022,23.9
12/20/2024 0:08:51,1.022,23.9
12/19/2024 23:53:51,1.022,23.9
12/19/2024 23:38:51,1.022,23.9
12/19/2024 23:23:50,1.022,23.9
12/19/2024 23:08:50,1.022,23.9
12/19/2024 22:53:50,1.022,23.9
12/19/2024 22:38:49,1.022,23.9
12/19/2024 22:23:48,1.023,23.9
12/19/2024 22:08:48,1.023,23.9
12/19/2024 21:53:46,1.023,23.3
12/19/2024 21:38:47,1.023,23.9
12/19/2024 21:23:47,1.023,23.3
12/19/2024 21:08:46,1.023,23.3
12/19/2024 20:53:46,1.023,23.3
12/19/2024 20:38:44,1.023,23.3
12/19/2024 20:23:44,1.023,23.3
12/19/2024 20:08:43,1.023,23.3
12/19/2024 19:53:43,1.024,23.3
12/19/2024 19:38:42,1.024,23.3
12/19/2024 19:23:41,1.023,23.3
12/19/2024 18:54:42,1.023,23.3
12/19/2024 18:37:09,1.024,23.3
12/19/2024 18:22:09,1.024,23.3
12/19/2024 18:07:07,1.024,23.3
12/19/2024 17:52:08,1.024,23.3
12/19/2024 17:37:07,1.024,23.3
12/19/2024 17:22:06,1.024,23.3
12/19/2024 17:07:06,1.024,23.3
12/19/2024 16:52:05,1.024,23.3
12/19/2024 16:37:04,1.025,23.3
12/19/2024 16:22:04,1.025,23.3
12/19/2024 16:07:03,1.025,23.3
12/19/2024 15:52:02,1.025,22.8
12/19/2024 15:37:02,1.025,23.3
12/19/2024 15:22:02,1.025,23.3
12/19/2024 15:07:01,1.025,23.3
12/19/2024 14:52:00,1.025,23.3
12/19/2024 14:36:59,1.025,23.3
12/19/2024 14:21:58,1.025,23.3
12/19/2024 14:06:57,1.025,23.3
12/19/2024 13:51:52,1.025,22.8
12/19/2024 13:36:54,1.026,23.3
12/19/2024 13:21:53,1.026,23.3
12/19/2024 13:06:53,1.026,23.3
12/19/2024 12:51:52,1.026,23.3
12/19/2024 12:36:18,1.026,23.3
12/19/2024 12:18:13,1.026,23.3
12/19/2024 12:03:12,1.026,23.3
12/19/2024 11:48:07,1.026,23.3
12/19/2024 11:33:10,1.026,23.3
12/19/2024 11:18:10,1.026,23.3
12/19/2024 11:03:06,1.027,23.3
12/19/2024 10:48:08,1.027,23.3
12/19/2024 10:33:07,1.027,23.3
12/19/2024 10:18:07,1.026,23.3
12/19/2024 10:03:07,1.027,23.3
12/19/2024 9:48:06,1.027,23.3
12/19/2024 9:33:04,1.027,23.3
12/19/2024 9:18:05,1.027,23.3
12/19/2024 9:03:04,1.027,23.3
12/19/2024 8:48:04,1.027,23.3
12/19/2024 8:33:04,1.028,23.3
12/19/2024 8:18:04,1.028,23.3
12/19/2024 8:03:03,1.028,23.3
12/19/2024 7:48:03,1.028,23.9
12/19/2024 7:33:03,1.029,23.9
12/19/2024 7:18:02,1.028,23.9
12/19/2024 7:03:02,1.028,23.9
12/19/2024 6:48:02,1.029,23.9
12/19/2024 6:33:01,1.028,23.9
12/19/2024 6:18:00,1.029,23.9
12/19/2024 6:03:00,1.029,23.9
12/19/2024 5:47:59,1.029,23.9
12/19/2024 5:32:59,1.029,23.9
12/19/2024 5:17:58,1.029,23.9
12/19/2024 5:02:58,1.029,23.9
12/19/2024 4:47:57,1.029,24.4
12/19/2024 4:32:56,1.029,24.4
12/19/2024 4:17:57,1.029,24.4
12/19/2024 4:02:56,1.029,24.4
12/19/2024 3:47:55,1.029,24.4
12/19/2024 3:32:53,1.029,24.4
12/19/2024 3:17:53,1.029,24.4
12/19/2024 3:02:53,1.03,24.4
12/19/2024 2:47:52,1.03,24.4
12/19/2024 2:32:50,1.029,24.4
12/19/2024 2:17:51,1.03,24.4
12/19/2024 2:02:50,1.03,24.4
12/19/2024 1:47:49,1.03,24.4
12/19/2024 1:32:48,1.03,24.4
12/19/2024 1:17:49,1.03,24.4
12/19/2024 1:02:48,1.03,24.4
12/19/2024 0:47:48,1.031,24.4
12/19/2024 0:08:49,1.031,24.4
12/18/2024 23:53:49,1.031,25
12/18/2024 23:33:02,1.031,25
12/18/2024 23:18:01,1.031,25
12/18/2024 23:03:00,1.032,25
12/18/2024 22:48:00,1.032,25
12/18/2024 22:32:59,1.032,25
12/18/2024 22:17:59,1.032,24.4
12/18/2024 22:02:58,1.032,25
12/18/2024 21:47:57,1.032,24.4
12/18/2024 21:32:57,1.032,24.4
12/18/2024 21:17:57,1.032,24.4
12/18/2024 21:02:57,1.033,24.4
12/18/2024 20:47:57,1.033,24.4
12/18/2024 20:32:56,1.033,24.4
12/18/2024 20:17:56,1.033,24.4
12/18/2024 20:02:55,1.033,24.4
12/18/2024 19:47:54,1.033,24.4
12/18/2024 19:32:54,1.033,24.4
12/18/2024 19:17:53,1.033,24.4
12/18/2024 19:02:53,1.033,24.4
12/18/2024 18:47:52,1.034,24.4
12/18/2024 18:32:52,1.034,23.9
12/18/2024 18:17:52,1.034,23.9
12/18/2024 18:02:51,1.034,23.9
12/18/2024 17:47:51,1.034,23.9
12/18/2024 17:32:51,1.034,23.9
12/18/2024 17:17:50,1.034,23.9
12/18/2024 17:02:50,1.034,23.9
12/18/2024 16:47:49,1.035,23.9
12/18/2024 16:32:48,1.035,23.9
12/18/2024 16:17:48,1.035,23.9
12/18/2024 16:02:47,1.035,23.9
12/18/2024 15:47:47,1.035,24.4
12/18/2024 15:32:46,1.035,24.4
12/18/2024 15:17:46,1.035,24.4
12/18/2024 15:02:46,1.035,24.4
12/18/2024 14:47:45,1.035,24.4
12/18/2024 14:32:44,1.036,24.4
12/18/2024 14:17:44,1.036,24.4
12/18/2024 14:02:43,1.036,24.4
12/18/2024 13:47:43,1.036,24.4
12/18/2024 13:32:42,1.036,24.4
12/18/2024 13:17:41,1.036,24.4
12/18/2024 13:02:41,1.036,24.4
12/18/2024 12:47:41,1.037,24.4
12/18/2024 12:32:39,1.036,24.4
12/18/2024 12:17:38,1.037,25
12/18/2024 12:02:39,1.037,25
12/18/2024 11:47:38,1.037,25
12/18/2024 11:32:37,1.037,25
12/18/2024 11:17:37,1.037,25
12/18/2024 11:02:37,1.037,25
12/18/2024 10:47:36,1.037,25
12/18/2024 10:32:36,1.038,25
12/18/2024 10:17:35,1.038,25
12/18/2024 10:02:35,1.038,25
12/18/2024 9:47:34,1.038,25
12/18/2024 9:32:34,1.039,25
12/18/2024 9:17:34,1.038,25.6
12/18/2024 9:02:34,1.038,25
12/18/2024 8:47:33,1.039,25
12/18/2024 8:32:32,1.039,25
12/18/2024 8:17:31,1.039,25
12/18/2024 8:02:31,1.039,25
12/18/2024 7:47:30,1.039,25
12/18/2024 7:32:29,1.04,25
12/18/2024 7:17:30,1.039,25
12/18/2024 7:02:29,1.04,25
12/18/2024 6:47:29,1.04,25
12/18/2024 6:32:29,1.04,25
12/18/2024 6:17:28,1.04,25
12/18/2024 6:02:27,1.04,25.6
12/18/2024 5:47:27,1.04,25.6
12/18/2024 5:32:27,1.041,25
12/18/2024 5:17:27,1.04,25.6
12/18/2024 5:02:26,1.041,25.6
12/18/2024 4:47:24,1.041,25
12/18/2024 4:32:25,1.041,25
12/18/2024 4:17:25,1.042,25.6
12/18/2024 4:02:23,1.041,25.6
12/18/2024 3:47:23,1.041,25.6
12/18/2024 3:32:22,1.041,25.6
12/18/2024 3:17:21,1.041,25.6
12/18/2024 3:02:21,1.042,25
12/18/2024 2:47:19,1.042,25
12/18/2024 2:32:19,1.042,25
12/18/2024 2:17:18,1.042,25
12/18/2024 2:02:18,1.043,25.6
12/18/2024 1:47:18,1.043,25
12/18/2024 1:32:17,1.043,25
12/18/2024 1:17:17,1.043,25
12/18/2024 1:02:17,1.043,25
12/18/2024 0:47:16,1.043,25
12/17/2024 22:05:21,1.044,25
12/17/2024 21:50:20,1.044,25
12/17/2024 21:35:19,1.045,25
12/17/2024 21:20:19,1.045,25
12/17/2024 21:05:18,1.045,25
12/17/2024 20:50:18,1.045,25
12/17/2024 20:35:18,1.045,25
12/17/2024 20:20:17,1.045,25
12/17/2024 20:05:17,1.045,25
12/17/2024 19:50:16,1.045,25
12/17/2024 19:35:15,1.045,25
12/17/2024 19:20:15,1.045,25
12/17/2024 19:05:14,1.045,25
12/17/2024 18:50:15,1.045,25
12/17/2024 18:35:15,1.045,25
12/17/2024 18:20:14,1.046,25
12/17/2024 18:05:14,1.046,25
12/17/2024 17:50:14,1.046,25
12/17/2024 17:35:13,1.046,25
12/17/2024 17:20:13,1.046,25
12/17/2024 17:05:12,1.046,24.4
12/17/2024 16:50:11,1.046,24.4
12/17/2024 16:35:10,1.046,24.4
12/17/2024 16:20:10,1.046,24.4
12/17/2024 16:05:10,1.046,24.4
12/17/2024 15:50:10,1.047,24.4
12/17/2024 15:35:10,1.047,24.4
12/17/2024 15:20:09,1.047,24.4
12/17/2024 15:05:09,1.047,24.4
12/17/2024 14:50:09,1.047,24.4
12/17/2024 14:35:09,1.047,25
12/17/2024 14:20:08,1.047,25
12/17/2024 14:05:08,1.047,25
12/17/2024 13:50:06,1.047,25
12/17/2024 13:35:07,1.047,25
12/17/2024 13:20:07,1.047,25
12/17/2024 13:05:06,1.047,25
12/17/2024 12:50:04,1.047,25
12/17/2024 12:35:05,1.048,25
12/17/2024 12:20:04,1.048,25
12/17/2024 12:05:03,1.048,25
12/17/2024 11:50:03,1.048,25
12/17/2024 11:35:03,1.048,25
12/17/2024 11:20:01,1.048,25
12/17/2024 11:05:02,1.048,25
12/17/2024 10:50:00,1.048,25
12/17/2024 10:35:00,1.048,25
12/17/2024 10:20:00,1.048,25
12/17/2024 10:04:59,1.048,25
12/17/2024 9:49:59,1.048,25
12/17/2024 9:34:58,1.048,25
12/17/2024 9:19:58,1.049,25
12/17/2024 9:04:58,1.048,25
12/17/2024 8:49:57,1.048,25
12/17/2024 8:34:57,1.048,25
12/17/2024 8:19:56,1.049,25
12/17/2024 8:04:56,1.048,25
12/17/2024 7:49:55,1.048,25
12/17/2024 7:34:54,1.049,25
12/17/2024 7:19:53,1.049,25
12/17/2024 7:04:52,1.049,25
12/17/2024 6:49:51,1.048,25
12/17/2024 6:34:50,1.048,25
12/17/2024 6:19:50,1.049,25
12/17/2024 6:04:50,1.049,25
12/17/2024 5:49:49,1.049,25
12/17/2024 5:34:49,1.049,25
12/17/2024 5:19:48,1.049,25
12/17/2024 5:04:47,1.048,25
12/17/2024 4:49:47,1.048,25
12/17/2024 4:34:46,1.049,25
12/17/2024 4:19:46,1.049,25
12/17/2024 4:04:45,1.049,25
12/17/2024 3:49:44,1.049,25
12/17/2024 3:34:44,1.049,25
12/17/2024 3:19:43,1.049,25
12/17/2024 3:04:43,1.048,25
12/17/2024 2:49:43,1.049,25
12/17/2024 2:34:42,1.049,25
12/17/2024 2:19:42,1.049,25
12/17/2024 2:04:40,1.049,25
12/17/2024 1:49:41,1.049,25
12/17/2024 1:34:41,1.049,25
12/17/2024 1:19:40,1.048,24.4
12/17/2024 1:04:40,1.049,24.4
12/17/2024 0:49:39,1.049,24.4
12/17/2024 0:34:39,1.049,24.4
12/17/2024 0:19:38,1.049,24.4
12/17/2024 0:04:37,1.049,24.4
12/16/2024 23:49:37,1.049,24.4
12/16/2024 23:34:36,1.049,25
12/16/2024 23:19:37,1.049,25
12/16/2024 23:04:36,1.049,25
12/16/2024 22:49:36,1.049,25
12/16/2024 22:34:35,1.049,25
12/16/2024 22:19:35,1.049,25
12/16/2024 22:04:34,1.049,25
12/16/2024 21:49:34,1.049,25
12/16/2024 21:34:33,1.049,25
12/16/2024 21:19:32,1.048,25
12/16/2024 21:04:32,1.048,25
12/16/2024 20:49:32,1.048,25
12/16/2024 20:34:31,1.048,25
12/16/2024 20:19:31,1.048,25
12/16/2024 20:04:30,1.048,25
12/16/2024 19:47:52,1.048,25
12/16/2024 19:32:52,1.048,25
12/16/2024 19:17:51,1.048,24.4
12/16/2024 19:02:50,1.055,24.4
12/16/2024 18:47:49,1.055,24.4
12/16/2024 18:32:48,1.055,24.4
12/16/2024 18:17:48,1.056,24.4
12/16/2024 18:02:47,1.056,24.4
12/16/2024 17:47:47,1.056,24.4
12/16/2024 17:32:47,1.056,24.4
12/16/2024 17:17:45,1.056,24.4
12/16/2024 17:02:46,1.056,24.4
12/16/2024 16:47:46,1.056,24.4
12/16/2024 16:32:45,1.056,24.4
12/16/2024 16:17:44,1.056,24.4
12/16/2024 16:02:44,1.056,24.4
12/16/2024 15:47:43,1.056,24.4
12/16/2024 15:32:43,1.056,24.4
12/16/2024 15:17:43,1.056,24.4
12/16/2024 15:02:42,1.056,24.4
12/16/2024 14:47:42,1.057,24.4
12/16/2024 14:32:41,1.057,24.4
12/16/2024 14:17:40,1.057,24.4
12/16/2024 14:02:40,1.057,24.4
12/16/2024 13:47:39,1.057,24.4
12/16/2024 13:32:39,1.057,24.4
12/16/2024 13:17:39,1.057,24.4
12/16/2024 13:02:38,1.057,24.4
12/16/2024 12:47:38,1.057,24.4
12/16/2024 12:32:37,1.057,24.4
12/16/2024 12:17:37,1.057,24.4
12/16/2024 12:02:36,1.058,24.4
12/16/2024 11:47:35,1.058,24.4
12/16/2024 11:32:34,1.058,25
12/16/2024 11:17:34,1.058,25
12/16/2024 11:02:33,1.058,25
12/16/2024 10:47:32,1.058,25
12/16/2024 10:32:31,1.058,25
12/16/2024 10:17:31,1.058,25
12/16/2024 10:02:29,1.058,25
12/16/2024 9:47:30,1.058,25
12/16/2024 9:32:29,1.058,25
12/16/2024 9:17:28,1.058,25
12/16/2024 9:02:27,1.059,25
12/16/2024 8:46:48,1.059,25
12/16/2024 8:31:24,1.059,25
12/16/2024 8:15:31,1.059,25
12/16/2024 8:00:26,1.059,25
12/16/2024 7:36:04,1.059,25
12/16/2024 7:21:04,1.059,25
12/16/2024 7:04:05,1.059,25
12/16/2024 6:48:20,1.059,25
12/16/2024 6:32:48,1.06,25
12/16/2024 6:13:23,1.06,25
12/16/2024 5:58:23,1.06,25
12/16/2024 5:42:58,1.06,25
12/16/2024 5:22:51,1.06,25
12/16/2024 5:07:49,1.06,25
12/16/2024 4:52:24,1.06,25
12/16/2024 4:34:55,1.06,25
12/16/2024 4:18:14,1.06,25
12/16/2024 4:00:32,1.06,25
12/16/2024 3:44:37,1.06,25
12/16/2024 3:26:08,1.06,25
12/16/2024 3:10:19,1.06,25
12/16/2024 2:55:09,1.06,25
12/16/2024 2:40:08,1.06,25
12/16/2024 2:23:12,1.06,25
12/16/2024 2:08:02,1.06,25
12/16/2024 1:52:32,1.061,25
12/16/2024 1:37:27,1.061,25
12/16/2024 1:22:12,1.061,25
12/16/2024 1:07:15,1.061,25
12/16/2024 0:51:19,1.061,25
12/16/2024 0:34:22,1.061,25
12/16/2024 0:19:22,1.061,25
12/16/2024 0:02:55,1.061,25
12/15/2024 23:47:37,1.061,25
12/15/2024 23:30:44,1.061,25.6
12/15/2024 23:15:43,1.061,25.6
12/15/2024 23:00:43,1.061,25.6
12/15/2024 22:45:43,1.061,25.6
12/15/2024 22:30:42,1.061,25.6
12/15/2024 22:15:42,1.061,25.6
12/15/2024 22:00:41,1.061,25.6
12/15/2024 21:45:41,1.061,25.6
12/15/2024 21:30:40,1.061,25.6
12/15/2024 21:15:39,1.061,25.6
12/15/2024 21:00:39,1.061,25.6
12/15/2024 20:45:38,1.061,25.6
12/15/2024 20:30:38,1.061,25.6
12/15/2024 20:15:37,1.061,25.6
12/15/2024 20:00:37,1.062,25.6
12/15/2024 19:45:32,1.062,25.6
12/15/2024 19:30:36,1.062,25.6
12/15/2024 19:15:28,1.062,25.6
12/15/2024 19:00:25,1.062,25.6
12/15/2024 18:45:28,1.062,25.6
12/15/2024 18:30:22,1.062,25.6
12/15/2024 18:15:21,1.062,25.6
12/15/2024 18:00:21,1.062,25.6
12/15/2024 17:44:45,1.062,25.6
12/15/2024 17:29:28,1.062,25.6
12/15/2024 17:14:10,1.062,25.6
12/15/2024 16:59:09,1.062,25
12/15/2024 16:44:09,1.063,25.6
12/15/2024 16:29:09,1.063,25
12/15/2024 16:14:08,1.063,25
12/15/2024 15:53:11,1.063,25.6
12/15/2024 15:38:05,1.063,25.6
12/15/2024 15:23:06,1.063,25.6
12/15/2024 15:08:05,1.063,25.6
12/15/2024 14:53:05,1.063,25.6
12/15/2024 14:38:04,1.064,25.6
12/15/2024 14:23:04,1.063,25.6
12/15/2024 14:08:03,1.064,25.6
12/15/2024 13:53:02,1.064,25.6
12/15/2024 13:38:01,1.064,25.6
12/15/2024 13:23:01,1.064,25.6
12/15/2024 13:07:59,1.064,25.6
12/15/2024 12:52:59,1.064,25.6
12/15/2024 12:38:00,1.064,25.6
12/15/2024 12:22:59,1.064,25.6
12/15/2024 12:07:59,1.064,25.6
12/15/2024 11:52:59,1.064,25.6
12/15/2024 11:37:58,1.064,25.6
12/15/2024 11:22:57,1.064,25.6
12/15/2024 11:07:56,1.064,25.6
12/15/2024 10:52:55,1.064,25.6
12/15/2024 10:37:55,1.065,25.6
12/15/2024 10:20:49,1.065,25.6
12/15/2024 10:05:48,1.067,25.6
12/15/2024 9:50:48,1.066,25.6
12/15/2024 9:35:48,1.067,25.6
12/15/2024 9:20:47,1.067,25.6
12/15/2024 9:05:47,1.067,25.6
12/15/2024 8:50:47,1.067,25.6
12/15/2024 8:35:46,1.067,25.6
12/15/2024 8:20:46,1.067,25.6
12/15/2024 8:05:45,1.067,25.6
12/15/2024 7:50:45,1.067,26.1
12/15/2024 7:35:45,1.067,26.1
12/15/2024 7:20:43,1.067,26.1
12/15/2024 7:05:43,1.067,26.1
12/15/2024 6:50:43,1.067,26.1
12/15/2024 6:35:42,1.067,26.1
12/15/2024 6:20:40,1.067,26.1
12/15/2024 6:05:41,1.067,26.1
12/15/2024 5:50:41,1.068,26.1
12/15/2024 5:35:40,1.068,26.1
12/15/2024 5:20:39,1.068,26.1
12/15/2024 5:05:39,1.068,26.1
12/15/2024 4:50:38,1.069,26.1
12/15/2024 4:35:38,1.069,26.1
12/15/2024 4:20:37,1.069,26.1
12/15/2024 4:05:37,1.069,26.7
12/15/2024 3:50:36,1.069,26.7
12/15/2024 3:35:36,1.069,26.7
12/15/2024 3:20:35,1.069,26.7
12/15/2024 3:05:33,1.07,26.7
12/15/2024 2:50:34,1.07,26.7
12/15/2024 2:35:33,1.07,26.7
12/15/2024 2:20:33,1.07,26.7
12/15/2024 2:05:33,1.07,26.7
12/15/2024 1:50:32,1.07,27.2
12/15/2024 1:35:32,1.07,27.2
12/15/2024 1:20:31,1.071,27.2
12/15/2024 1:05:31,1.071,27.2
12/15/2024 0:50:30,1.072,27.2
12/15/2024 0:35:30,1.072,27.8
12/15/2024 0:20:28,1.072,27.8
12/15/2024 0:05:29,1.073,27.8
12/14/2024 23:50:28,1.073,27.8
12/14/2024 23:35:28,1.073,27.8
12/14/2024 23:20:26,1.074,28.3
12/14/2024 23:05:27,1.075,28.3
12/14/2024 22:50:26,1.075,28.3
12/14/2024 22:35:26,1.075,28.9
12/14/2024 22:20:25,1.076,28.9
12/14/2024 22:05:25,1.077,29.4
12/14/2024 21:50:23,1.078,30
12/14/2024 21:35:24,1.079,30
12/14/2024 21:20:23,1.079,30.6
12/14/2024 21:05:23,1.079,30.6
12/14/2024 20:50:23,1.081,30.6
12/14/2024 20:35:22,1.082,31.1
12/14/2024 20:20:21,1.083,31.1
12/14/2024 20:05:21,1.084,31.7
12/14/2024 19:50:21,1.084,31.7